onset,score,predict
0:00:01,0.6798282,indoor
0:00:02,0.69493973,indoor
0:00:03,0.69514537,indoor
