onset,score,predict
0:00:01,0.5250886,transportation
0:00:02,0.0,unknown
0:00:03,0.0,unknown
0:00:04,0.0,unknown
0:00:05,0.0,unknown
0:00:06,0.5374026,outdoor
0:00:07,0.5687653,outdoor
0:00:08,0.61356866,outdoor
0:00:09,0.64611244,outdoor
0:00:10,0.62398124,outdoor
0:00:11,0.5988876,outdoor
0:00:12,0.56440496,outdoor
0:00:13,0.54102474,outdoor
